record,ticker,buy_date,buy_price,qty,commissions,sell_date,sell_price,sell_commissions,source,currency,asset_type,notes
,METR.BA,2025-12-05,2800.0,2970.0,50311.8,,0.0,0.0,,,,
,METR.BA,2025-12-05,2805.0,2965.0,50316.79,,0.0,0.0,,,,
,METR.BA,2026-08-13,2343.0,550.0,7796.33,,0.0,0.0,,,,
,AAPLD.BA,2026-07-31,15.83,3.0,0.2867,,0.0,0.0,,,,
,AAPLD.BA,2026-07-31,15.72,7.0,0.666,,0.0,0.0,,,,
,AAPLD.BA,2026-07-31,15.73,45.0,4.28,,0.0,0.0,,,,
,GLDD.BA,2026-01-21,9.26,89.0,4.9804,,0.0,0.0,,,,
,GLDD.BA,2026-02-04,9.3978,130.0,7.3914,,0.0,0.0,,,,
cerrada,ARKK.BA,2025-02-18,8160.0,7.0,0.0,2025-08-12,10200.0,321.29,,,,
cerrada,ARKK.BA,2025-02-18,8160.0,49.0,0.0,2025-08-12,10200.0,2249.1,,,,
cerrada,ARKK.BA,2025-02-18,8160.0,155.0,0.0,2025-09-04,10350.0,10093.94,,,,
cerrada,BBAR.BA,2025-01-14,9100.0,4.0,0.0,2025-05-14,8410.0,0.0,,,,
cerrada,BBAR.BA,2025-01-14,9100.0,6.0,0.0,2025-05-14,8290.0,0.0,,,,
cerrada,BHIP.BA,2025-02-20,516.0,1090.0,0.0,2025-11-17,492.0,3244.49,,,,
cerrada,BYMA.BA,2025-01-02,507.0,162.0,0.0,2025-05-14,400.0,0.0,,,,
cerrada,BYMA.BA,2025-01-27,508.0,3.0,0.0,2025-05-14,400.0,0.0,,,,
cerrada,COME.BA,2025-05-14,175.5,500.0,0.0,2025-05-16,171.25,0.0,,,,
cerrada,COME.BA,2025-05-14,78.20000861920357,17940.496744,0.0,2026-02-27,48.79,5295.6616,,,,
cerrada,COME.BA,2025-05-14,77.97721657185541,9926.29686,0.0,2026-02-27,48.79,2930.0364,,,,
cerrada,COME.BA,2025-05-14,75.52650405102567,668.785093,0.0,2026-02-27,48.79,197.4115,,,,
cerrada,COME.BA,2025-05-14,75.74929609837383,439.872074,0.0,2026-02-27,48.79,129.8411,,,,
cerrada,COME.BA,2025-05-14,75.74929609837383,13.549229,0.0,2026-02-27,48.79,3.9995,,,,
cerrada,COME.BA,2025-05-14,75.74929609837383,854.973693,0.0,2026-07-31,44.51,151.0733,,,,
cerrada,COME.BA,2025-05-14,75.74929609837383,4962.026307,0.0,2026-07-31,44.51,876.7867,,,,
cerrada,EDN.BA,2025-05-21,2090.0,297.0,0.0,2025-11-14,2450.0,4402.28,,,,
cerrada,GGAL.BA,2025-01-09,8560.0,30.0,0.0,2025-11-25,6980.0,1266.85,,,,
cerrada,GOOGL.BA,2025-04-25,3395.0,182.0,0.0,2025-05-21,3415.0,0.0,,,,
cerrada,MELI.BA,2025-11-17,25560.0,77.0,11907.12,2026-01-26,27480.0,12801.55,,,,
cerrada,METR.BA,2024-11-13,1770.0,564.0,0.0,2025-02-12,2230.0,0.0,,,,
cerrada,METR.BA,2024-11-21,2015.0,347.0,0.0,2025-02-12,2230.0,0.0,,,,
cerrada,METR.BA,2024-11-21,2015.0,923.0,0.0,2025-02-13,2420.0,0.0,,,,
cerrada,METR.BA,2024-11-21,2015.0,29.0,0.0,2025-10-27,2100.0,368.445,,,,
cerrada,METR.BA,2024-11-22,2165.0,911.0,0.0,2025-10-27,2100.0,11574.2544,,,,
cerrada,METR.BA,2024-11-22,2130.0,887.0,0.0,2025-10-27,2100.0,11269.3344,,,,
cerrada,METR.BA,2024-11-27,2190.0,137.0,0.0,2025-10-27,2100.0,1740.5849,,,,
cerrada,METR.BA,2024-12-04,2575.0,180.0,0.0,2025-10-27,2100.0,2286.8999,,,,
cerrada,METR.BA,2024-12-17,2915.0,123.0,0.0,2025-10-27,2100.0,1562.7149,,,,
cerrada,METR.BA,2024-12-18,2840.0,19.0,0.0,2025-10-27,2100.0,241.395,,,,
cerrada,METR.BA,2025-01-15,2735.0,21.0,0.0,2025-10-27,2100.0,266.805,,,,
cerrada,METR.BA,2025-02-13,2350.0,923.0,0.0,2025-10-27,2100.0,11726.7144,,,,
cerrada,METR.BA,2025-06-09,2100.0,2380.0,4838.06,2025-10-27,2100.0,30237.8984,,,,
cerrada,METR.BA,2025-08-25,1715.0,1735.0,18721.9975,2025-10-27,2100.0,22043.1738,,,,
cerrada,METR.BA,2025-08-25,1715.0,235.0,2535.8325,2025-10-27,2100.0,2985.67,,,,
cerrada,METR.BA,2025-11-03,2450.0,3323.0,49255.1675,2025-12-02,2670.0,53678.08,,,,
cerrada,METR.BA,2025-11-03,2450.0,3021.0,44778.7725,2025-12-02,2675.0,48891.1,,,,
cerrada,NU.BA,2025-08-20,8900.0,111.0,6215.86,2025-11-25,12550.0,8416.1936,,,,
cerrada,QQQ.BA,2025-04-08,29600.0,76.0,0.0,2025-05-14,29800.0,0.0,,,,
cerrada,TSLA.BA,2025-09-05,32125.0,49.0,0.0,2025-11-17,40700.0,12065.51,,,,
cerrada,YPFD.BA,2025-01-09,54850.0,3.0,0.0,2025-10-09,38280.0,694.78,,,,
cerrada,AAPLD.BA,2024-04-27,9.19,1.0,0.0,2025-09-11,11.8,0.07,,,,
cerrada,AAPLD.BA,2024-04-27,9.19,53.0,0.0,2025-09-22,12.65,4.21,,,,
cerrada,AAPLD.BA,2026-07-31,15.78,1.0,0.09,2026-08-21,15.857,0.0957,,,,
cerrada,AAPLD.BA,2026-07-31,15.83,6.0,0.5733,2026-08-21,15.857,0.5743,,,,
cerrada,GLDD.BA,2026-01-21,9.26,10.0,0.5596,2026-08-31,8.5,0.51,,,,
cerrada,GOGLD.BA,2025-11-17,5.09,92.0,2.8377,2025-12-30,5.55,3.08,,,,
cerrada,GOGLD.BA,2025-11-17,5.09,879.0,27.1123,2026-01-16,6.0,31.91,,,,
cerrada,IVED.BA,2026-01-20,5.55,136.0,4.5666,2026-02-04,5.53,4.6328,,,,
cerrada,IVED.BA,2026-01-20,5.55,213.0,7.1522,2026-02-04,5.64,7.2733,,,,
cerrada,IVED.BA,2026-01-20,5.55,73.0,2.4512,2026-02-05,5.593515,2.4709,,,,
cerrada,METAD.BA,2024-03-21,22.52,22.0,0.0,2025-01-27,27.4,0.0,,,,
cerrada,METAD.BA,2025-02-13,30.3,32.0,0.0,2025-08-21,30.85,6.21,,,,
cerrada,METAD.BA,2025-02-13,30.3,27.0,0.0,2025-08-22,30.95,5.25,,,,
cerrada,METAD.BA,2026-04-10,27.343146,15.0,2.4814,2026-04-10,27.52,2.5,,,,
cerrada,NKED.BA,2026-04-21,4.05,244.0,5.97,2026-07-31,3.61,5.32,,,,
cerrada,NVDAD.BA,2024-07-18,5.28,150.0,0.0,2025-01-22,6.2,0.0,,,,
cerrada,NVDAD.BA,2024-07-18,5.3,300.0,0.0,2025-01-22,6.2,0.0,,,,
cerrada,NVDAD.BA,2025-01-27,5.03,90.0,0.0,2025-01-29,5.45,0.0,,,,
cerrada,NVDAD.BA,2025-01-27,5.03,27.0,0.0,2025-02-05,5.2,0.0,,,,
cerrada,NVDAD.BA,2025-01-27,5.1,669.0,0.0,2025-02-05,5.2,0.0,,,,
cerrada,NVDAD.BA,2025-02-25,5.38,415.0,0.0,2025-07-15,7.13,13.315,,,,
cerrada,NVDAD.BA,2025-02-25,5.37,12.0,0.0,2025-07-15,7.13,0.385,,,,
cerrada,SLVD.BA,2026-01-21,14.6,31.0,2.73,2026-08-13,10.065,1.8885,,,,
cerrada,SLVD.BA,2026-02-04,13.44395,56.0,4.5341,2026-08-13,10.065,3.4115,,,,
cerrada,TSMD.BA,2026-01-20,38.3,3.0,0.6947,2026-02-03,39.16,0.7108,,,,
cerrada,TSMD.BA,2026-01-20,38.3,3.0,0.6947,2026-03-06,39.61,0.71,,,,
cerrada,TSMD.BA,2026-01-20,38.3,45.0,10.4206,2026-03-25,39.79,10.8293,,,,
cerrada,TSMD.BA,2026-01-20,38.2,1.0,0.21,2026-03-25,39.79,0.2407,,,,
cerrada,VALED.BA,2025-10-09,5.90293,13.0,0.4643,2026-04-10,8.92,0.7012,,,,
cerrada,VALED.BA,2026-01-26,8.182827,86.0,4.2575,2026-04-10,8.92,4.6388,,,,
dividendo,METR.BA,,,5935.0,,2026-07-23,175.694061,0.0,,,,
dividendo,GGAL.BA,,,30.0,,2025-11-12,22.779226,0.0,,,,
dividendo,GGAL.BA,,,30.0,,2025-10-13,22.315956,0.0,,,,
dividendo,GGAL.BA,,,30.0,,2025-09-10,21.905062,0.0,,,,
dividendo,GGAL.BA,,,30.0,,2025-08-12,21.496271,0.0,,,,
dividendo,GGAL.BA,,,30.0,,2025-07-11,21.153807,0.0,,,,
dividendo,GGAL.BA,,,30.0,,2025-05-14,54.785866,0.0,,,,
dividendo,BHIP.BA,,,1090.0,,2025-10-30,5.041272,0.0,,,,
dividendo,BHIP.BA,,,1090.0,,2025-09-29,4.938745,0.0,,,,
dividendo,BHIP.BA,,,1090.0,,2025-08-28,4.84781,0.0,,,,
dividendo,BHIP.BA,,,1090.0,,2025-07-30,4.757341,0.0,,,,
dividendo,BHIP.BA,,,1090.0,,2025-06-30,4.68155,0.0,,,,
dividendo,VALED.BA,,,13.0,,2025-12-12,0.218973,0.0,,USD,,
dividendo,TSMD.BA,,,46.0,,2026-03-17,0.106192,0.0,,USD,,
dividendo,GOGLD.BA,,,971.0,,2025-12-08,0.003621,0.0,,USD,,
dividendo,NVDAD.BA,,,427.0,,2025-06-11,0.000417,0.0,,USD,,
dividendo,NVDAD.BA,,,427.0,,2025-03-12,0.000417,0.0,,USD,,
dividendo,NVDAD.BA,,,450.0,,2024-12-05,0.000417,0.0,,USD,,
dividendo,NVDAD.BA,,,450.0,,2024-09-12,0.000417,0.0,,USD,,
dividendo,AAPLD.BA,,,62.0,,2026-08-10,0.0135,0.0,,USD,,
dividendo,AAPLD.BA,,,54.0,,2025-08-11,0.013,0.0,,USD,,
dividendo,AAPLD.BA,,,54.0,,2025-05-12,0.013,0.0,,USD,,
dividendo,AAPLD.BA,,,54.0,,2025-02-10,0.008115,0.0,,USD,,
dividendo,AAPLD.BA,,,54.0,,2024-11-08,0.0125,0.0,,USD,,
dividendo,AAPLD.BA,,,54.0,,2024-08-12,0.008115,0.0,,USD,,
dividendo,AAPLD.BA,,,54.0,,2024-05-10,0.0125,0.0,,USD,,
dividendo,METAD.BA,,,59.0,,2025-06-16,0.021875,0.0,,USD,,
dividendo,METAD.BA,,,59.0,,2025-03-14,0.021875,0.0,,USD,,
dividendo,METAD.BA,,,22.0,,2024-12-16,0.020833,0.0,,USD,,
dividendo,METAD.BA,,,22.0,,2024-09-16,0.020833,0.0,,USD,,
dividendo,METAD.BA,,,22.0,,2024-06-14,0.020833,0.0,,USD,,
dividendo,MSFTD.BA,,,6.0,,2024-11-21,0.027667,0.0,,USD,,
dividendo,BYMA.BA,,,165.0,,2025-04-15,0.036527,0.0,,USD,,
